{
    "hpsv2": 0.2501871585845947,
    "mps_HPSV2": 11.596835136413574,
    "mps_IR": 10.636324882507324,
    "hpsv3": 0.015561727806925774
}